review,sentiment
"The product is amazing, exceeded my expectations!",positive
"Very disappointing, broke after a week.",negative
"Decent quality, would buy again.",positive
"Not worth the price, poor quality.",negative
"Fantastic product! Will recommend to everyone.",positive
"Service was terrible, never again.",negative
"Good, but could be improved.",neutral
"Absolutely love it, will buy more!",positive
"Not as expected, very poor experience.",negative
"Nice quality, works as described.",positive
"Terrible product, do not buy.",negative
"Quite satisfied with the purchase.",positive
"Average, not great but not terrible.",neutral
"Highly recommend this item, perfect for my needs.",positive
"Complete waste of money.",negative
"Good value for the price.",positive
"Very disappointing. Would not recommend.",negative
"Okay for the price, but not great.",neutral
"Superb quality, exceeded my expectations.",positive
"Horrible, it broke after one use.",negative
"Affordable and does the job well.",positive
"Not impressed, quality is subpar.",negative
"Exactly as described, works well.",positive
"Terrible customer service, will not buy again.",negative
"Works well enough, no complaints.",neutral
"Awesome! It works as expected and more.",positive
"Very bad experience, product doesn't work.",negative
"Great product for the price, highly satisfied.",positive
"Unreliable, broke after a few days.",negative
"Satisfied with my purchase, no issues.",positive
"Awful, worst purchase I made.",negative
"Perfect item, highly recommend it!",positive
"Not what I expected, pretty disappointing.",negative
"Pretty good, would buy again.",positive
"Bad quality, wouldn't buy again.",negative
"Good, but not outstanding.",neutral
"Awesome product, does exactly what it promises.",positive
"Terrible, completely useless.",negative
"Okay quality for the price.",neutral
"Really impressed with the performance.",positive
"Really bad, not recommended.",negative
"Okay item, does the job, but nothing special.",neutral
"Highly effective and easy to use.",positive
"Poor quality, had issues from the start.",negative
"Good enough for the price, but not excellent.",neutral
"Love this product! Works like a charm.",positive
"Absolutely horrible, do not waste your money.",negative
"Great value for money, would recommend.",positive
"Not happy with my purchase, very disappointed.",negative
"Fantastic! Worth every penny.",positive
"Not as expected, very low quality.",negative
"Average product, could be better.",neutral
"Absolutely love it! Would buy again.",positive
"Did not meet my expectations, very poor.",negative
"Great purchase, super happy with it.",positive
"Not recommended, low quality.",negative
"Good, but I’ve seen better.",neutral
"Superb, does exactly what it’s supposed to do.",positive
"Very poor, broke immediately.",negative
"Good quality, but not great.",neutral
"Completely satisfied with this product.",positive
"Totally disappointed, will never buy again.",negative
"Nice product, works fine.",positive
"Really bad quality, wouldn’t recommend.",negative
"Works great, highly recommend.",positive
"Terrible! It broke after one day.",negative
"Does the job well, happy with it.",positive
"Quite disappointed, wouldn’t recommend.",negative
"Works better than expected.",positive
"Very poor, did not live up to the hype.",negative
"Great product, no issues at all.",positive
"Disappointed, not worth the price.",negative
"Quite decent, good for the price.",neutral
"Totally worth it, would buy again.",positive
"Not recommended, very unreliable.",negative
"Exactly what I needed, great product.",positive
"Very bad quality, avoid this.",negative
"Highly functional, happy with it.",positive
"Doesn't work at all, total waste.",negative
"Good product for the price.",positive
"Not good, quality was poor.",negative
"Pretty good overall, would buy again.",positive
"Terrible product, did not work as advertised.",negative
"Excellent, I’m very satisfied.",positive
"Very bad purchase, do not buy.",negative
"Great quality, I’m happy with it.",positive
"Not as good as expected, poor quality.",negative
"Works well for what it’s intended for.",positive
"Very dissatisfied with the product.",negative
"Does its job, but could be better.",neutral
"Superb value for money, highly recommend.",positive
"Very bad experience, didn’t work.",negative
"Perfect product, works just as described.",positive
"Very disappointing, will not buy again.",negative
"Good value for money, works fine.",positive
"Not very impressed, could be improved.",neutral
"Works great, I’m very happy with it.",positive
"Completely useless, don’t waste your time.",negative
"Very pleased with the product, highly recommend.",positive
"Terrible, didn’t even work out of the box.",negative
"Good product, but could be better.",neutral
"Great product, does exactly what I needed.",positive
"Very poor quality, don’t buy it.",negative
"Perfect, works exactly as expected.",positive
"Doesn’t work as described, very bad.",negative
"Really happy with my purchase.",positive
"Completely useless, very disappointed.",negative
"Great product for the price.",positive
"Awful, product doesn’t work.",negative
"Very good quality, happy with it.",positive
"Not as described, very poor experience.",negative
"Good value for money, very happy with it.",positive
"Not worth the money, poor quality.",negative
"Good overall, but not exceptional.",neutral
"Really nice, works perfectly.",positive
"Very poor, broke after a few days.",negative
"Really happy with this product.",positive
"Wouldn’t buy again, very poor quality.",negative
"Excellent product, very satisfied.",positive
"Bad product, waste of money.",negative
"Very satisfied with the purchase.",positive
"Not happy with it, disappointed.",negative
"Perfect quality, highly recommend.",positive
"Very poor, wouldn't recommend to anyone.",negative
"Absolutely thrilled! The product is a total game-changer.",positive
"Meh, it's okay but nothing special.",neutral
"Complete junk, fell apart in two days.",negative
"Super smooth experience, totally love it!",positive
"Not great, not terrible, just average.",neutral
"Amazing quality for the price, really happy!",positive
"Disappointed, expected better.",negative
"Blown away by the quality, will buy again!",positive
"Trash, don’t waste your money.",negative
"It’s fine, does what it says.",neutral
"Best purchase I’ve made this year!",positive
"Nothing special, kinda overpriced.",neutral
"Regret buying this, awful product.",negative
"Works like a charm, highly recommend!",positive
"Just okay, could be better.",neutral
"Horrible, stopped working after a few uses.",negative
"Great stuff, exceeded my expectations.",positive
"Decent product, but overpriced.",neutral
"Disgusting experience, wouldn’t buy again.",negative
"Well worth the money, very happy!",positive
"Cheap material, feels flimsy.",negative
"Solid purchase, does the job well.",positive
"Not impressed at all.",negative
"Love it! Exactly what I needed.",positive
"Very mid, nothing special.",neutral
"Absolute garbage, don’t bother.",negative
"High quality and worth every penny!",positive
"Honestly, just average.",neutral
"Terrible experience, completely dissatisfied.",negative
"Super functional, well designed.",positive
"Low quality, regret buying it.",negative
"Happy with my purchase, no complaints.",positive
"Breaks too easily, not worth it.",negative
"Surprisingly good, better than expected!",positive
"Feels cheap, not durable.",negative
"Just works, nothing fancy.",neutral
"Mind-blowing product! So happy!",positive
"Major letdown, very poor quality.",negative
"Okay for the price, but won’t last long.",neutral
"Totally in love with this!",positive
"Pathetic, worst purchase ever.",negative
"Does what it promises, decent buy.",neutral
"Couldn’t be happier, absolute perfection!",positive
"Completely let down, very disappointed.",negative
"Works well but not amazing.",neutral
"10/10, would buy again!",positive
"Fell apart within days, awful.",negative
"Standard quality, nothing outstanding.",neutral
"Brilliant product, best in the market!",positive
"Don’t waste your cash, terrible item.",negative
"Alright, but expected more.",neutral
"Amazing, my new favorite thing!",positive
"Super frustrating, poor quality.",negative
"Gets the job done, decent buy.",neutral
"Superb experience, definitely buying again!",positive
"Biggest regret, horrible quality.",negative
"Doesn’t live up to the hype.",neutral
"Five stars, absolutely love it!",positive
"Absolute disaster, returning it.",negative
"Very useful, no complaints.",positive
"Super flimsy, wouldn’t recommend.",negative
"Everything about this is great!",positive
"Not the best, not the worst.",neutral
"Flawless product, highly recommend.",positive
"Total disappointment, waste of money.",negative
"Not bad, but expected better.",neutral
"Exceeded expectations, perfect in every way!",positive
"Shoddy craftsmanship, really poor.",negative
"Fair deal, does what it should.",neutral
"A dream product, couldn’t be better!",positive
"Falls apart too quickly, terrible.",negative
"Completely satisfied, great product.",positive
"Nothing extraordinary, just alright.",neutral
"Awful purchase, never again.",negative
"Top-notch quality, totally worth it!",positive
"A rip-off, not worth the price.",negative
"Absolutely works as promised, happy!",positive
"Very cheaply made, wouldn’t recommend.",negative
"Serves its purpose, nothing more.",neutral
"Obsessed with this product, love it!",positive
"Horrible, such a waste of cash.",negative
"Good stuff, would buy again.",positive
"Could use some improvements.",neutral
"Fantastic buy, worth every dollar!",positive
"Awful material, feels so cheap.",negative
"Solid for the price, nothing fancy.",neutral
"Exceptional quality, really impressed!",positive
"Flimsy design, bad construction.",negative
"Just average, nothing remarkable.",neutral
"Perfectly functional, does its job.",positive
"Total fail, avoid at all costs.",negative
"Super convenient, highly recommend!",positive
"Not that bad, but could be better.",neutral
"Love everything about this!",positive
"Literally useless, do not buy.",negative
"Bang for the buck, great deal!",positive
"Not thrilled, expected more.",neutral
"Amazing durability, super impressed!",positive
"Poor quality control, very bad.",negative
"Moderate performance, not the best.",neutral
"Couldn’t be happier with this!",positive
"A disaster, completely fell apart.",negative
"Meets expectations, nothing more.",neutral
"Impressive quality, very happy!",positive
"Flawed product, many issues.",negative
"Gets the job done, no issues.",neutral
"Superb product! Totally worth the price.",positive
"Absolutely useless, don’t waste your money.",negative
"Does what it says, no complaints.",neutral
"Beyond my expectations, love it!",positive
"Felt cheap, not happy at all.",negative
"Totally fine, works as expected.",neutral
"Amazing! Will definitely buy again.",positive
"Extremely poor quality, very disappointed.",negative
"Not bad, but not great either.",neutral
"Best investment I’ve made lately!",positive
"Very flimsy, broke too fast.",negative
"Decent but could use improvements.",neutral
"Really solid product, impressed!",positive
"Terrible, regret buying it.",negative
"Just an average experience.",neutral
"Can’t stop recommending this!",positive
"Falls apart so quickly, awful.",negative
"Okay product, nothing exciting.",neutral
"Fantastic! Couldn’t be happier.",positive
"Super glitchy, barely works.",negative
"Basic but does its job.",neutral
"Seriously a must-have item!",positive
"Completely broke after a week.",negative
"An okay purchase, not the best.",neutral
"Obsessed with this, so good!",positive
"Major letdown, very dissatisfied.",negative
"Neither great nor terrible.",neutral
"Brilliant product, well designed!",positive
"Not durable at all, bad buy.",negative
"Meh, I’ve seen better.",neutral
"Absolutely phenomenal, best buy!",positive
"Disappointed, expected way more.",negative
"Pretty standard, does the job.",neutral
"Exceeded my expectations, so happy!",positive
"Not what I was hoping for.",negative
"Fairly decent, not perfect.",neutral
"Totally in love with this!",positive
"Cheaply made, broke easily.",negative
"Okay for casual use.",neutral
"Highly recommend, amazing product!",positive
"Disgusting quality, don’t buy.",negative
"Functional, but nothing special.",neutral
"Amazing value, totally recommend!",positive
"Useless, waste of money.",negative
"Doesn’t stand out much.",neutral
"Such a good purchase, wow!",positive
"Falls apart too quickly.",negative
"Meh, I guess it’s fine.",neutral
"Super convenient and useful!",positive
"Absolute disaster, never again.",negative
"Not sure if I’d buy again.",neutral
"Amazing craftsmanship, totally worth it!",positive
"Horrible experience, so disappointed.",negative
"Meets my needs just fine.",neutral
"Perfect in every way!",positive
"Feels so cheaply made.",negative
"Just decent, nothing crazy.",neutral
"Love everything about this!",positive
"Biggest waste of money ever.",negative
"Alright, but could be better.",neutral
"Fantastic quality, very satisfied.",positive
"Very underwhelming, not worth it.",negative
"Pretty good, but nothing special.",neutral
"Super well made, highly recommend!",positive
"Broke way too fast, awful.",negative
"Gets the job done, nothing more.",neutral
"Couldn’t be happier with this!",positive
"Not even close to what I expected.",negative
"Fair price for what it is.",neutral
"Very well built, love it!",positive
"Super disappointed, bad choice.",negative
"It’s okay, not amazing.",neutral
"A must-have for everyone!",positive
"Terrible performance, not worth it.",negative
"Pretty average, nothing wow.",neutral
"Incredible quality, blown away!",positive
"Such poor quality, don’t buy.",negative
"Serves its purpose well.",neutral
"Beyond happy with this buy!",positive
"Flawed product, many issues.",negative
"Decent, but not impressive.",neutral
"Highly satisfied, great quality!",positive
"Horribly designed, big regret.",negative
"Perfectly fine for daily use.",neutral
"Obsessed with how good this is!",positive
"Did not work as expected.",negative
"Average product, nothing exciting.",neutral
"A total game-changer, love it!",positive
"Very bad purchase, avoid.",negative
"Not outstanding, but okay.",neutral
"Amazing in every way!",positive
"Cheap materials, falls apart.",negative
"Somewhat useful, not perfect.",neutral
"Unreal quality, so happy!",positive
"Regret buying, such a mess.",negative
"Does what it should, nothing extra.",neutral
"Can’t believe how good this is!",positive
"Super low quality, don’t bother.",negative
"Alright, but not my favorite.",neutral
"Absolutely love this, best purchase ever!",positive
"Super cheap material, really disappointed.",negative
"Pretty decent, does the job.",neutral
"Can’t believe how amazing this is!",positive
"Completely useless, broke immediately.",negative
"Not bad, but wouldn’t buy again.",neutral
"Exceeded all my expectations, wow!",positive
"Total scam, avoid at all costs.",negative
"Nothing special, just average.",neutral
"Best decision I’ve made in a while!",positive
"Super fragile, fell apart instantly.",negative
"Works fine, but nothing mind-blowing.",neutral
"This thing is a total lifesaver!",positive
"Terrible, don’t waste your money.",negative
"Serves its purpose, but that’s it.",neutral
"Incredible quality, I’m amazed!",positive
"Didn’t last a week, very poor.",negative
"Alright, but expected better.",neutral
"One of the best products I’ve bought!",positive
"Literally fell apart, worst experience.",negative
"Not great, not terrible either.",neutral
"Amazing build quality, worth every penny!",positive
"Broke after two uses, very disappointed.",negative
"Good enough for casual use.",neutral
"Absolutely phenomenal, can’t recommend enough!",positive
"Garbage product, complete rip-off.",negative
"It’s okay, nothing outstanding.",neutral
"Super happy with my purchase!",positive
"Not worth the price, very cheap.",negative
"An average product overall.",neutral
"Mind-blowingly good, so impressed!",positive
"Horrible craftsmanship, won’t last.",negative
"Just okay, does what it says.",neutral
"Really great, exceeded expectations!",positive
"Falls apart way too easily.",negative
"Not too bad, could be better.",neutral
"10/10, would buy again!",positive
"Extremely poor design, not usable.",negative
"Gets the job done, no issues.",neutral
"A must-have, highly recommend!",positive
"Very cheaply made, not happy.",negative
"Alright for the price, nothing amazing.",neutral
"Such a fantastic product, wow!",positive
"Useless junk, total regret.",negative
"Kind of average, nothing special.",neutral
"Brilliant quality, super reliable!",positive
"Super flimsy, waste of money.",negative
"Does the job, but nothing more.",neutral
"Absolutely perfect, can’t fault it!",positive
"Really bad, fell apart fast.",negative
"Nothing too exciting, just fine.",neutral
"Fantastic performance, really happy!",positive
"Way overpriced for what it is.",negative
"Not amazing, but it’s okay.",neutral
"Unbelievable quality, worth every cent!",positive
"Broke instantly, wouldn’t recommend.",negative
"It’s fine, but I’ve seen better.",neutral
"One of my best purchases yet!",positive
"Not durable at all, very weak.",negative
"Meh, nothing impressive.",neutral
"Top-notch product, very pleased!",positive
"Awful experience, never again.",negative
"An okay buy, not the best.",neutral
"So happy with this, fantastic!",positive
"Completely fell apart, disappointed.",negative
"Does what it says, nothing extra.",neutral
"Great craftsmanship, worth it!",positive
"Terrible waste of money.",negative
"Neither great nor terrible.",neutral
"Love this so much, highly recommend!",positive
"Super bad, doesn’t work at all.",negative
"An average product, works okay.",neutral
"One of the best out there!",positive
"Terribly made, avoid this.",negative
"Okay for the price, nothing fancy.",neutral
"Highly impressed, exceeded my expectations!",positive
"Didn’t work as promised, disappointing.",negative
"It’s alright, not too bad.",neutral
"Seriously fantastic, so happy with it!",positive
"Garbage quality, wouldn’t buy again.",negative
"Not the worst, but not great either.",neutral
"Flawless product, highly recommend!",positive
"Major design flaws, terrible product.",negative
"It’s fine, does what it should.",neutral
"Super well-built, amazing purchase!",positive
"Regret buying this, waste of money.",negative
"An okay product for casual use.",neutral
"Amazing durability, very satisfied!",positive
"Falls apart way too soon.",negative
"Not bad, but could be better.",neutral
"Love it! One of my favorites.",positive
"Super disappointed, expected more.",negative
"Just a regular product, nothing new.",neutral
"Absolutely fantastic, worth buying!",positive
"Cheap materials, not worth it.",negative
"Good value, but nothing mind-blowing.",neutral
"Seriously one of the best purchases ever!",positive
"Barely works, don’t buy this.",negative
"Completely average, nothing remarkable.",neutral
"Amazing value, definitely worth it!",positive
"Disastrous product, huge letdown.",negative
"Fine for the price, nothing special.",neutral
"Such high quality, very impressed!",positive
"Awful durability, won’t last.",negative
"Works fine, but not exceptional.",neutral
"Highly recommend, fantastic quality!",positive
"Defective product, had to return it.",negative
"Does what it needs to, but that’s it.",neutral
"Super reliable, love this product!",positive
"This thing slaps! Totally worth it.",positive
"Total trash, don’t even bother.",negative
"Not bad, kinda decent.",neutral
"Yo, this is straight fire! Love it.",positive
"Junk. Straight-up regret buying this.",negative
"It’s aight, nothing crazy.",neutral
"OMG, best thing ever!!",positive
"Bruh, this broke in a day.",negative
"Eh, it’s okay I guess.",neutral
"Can’t believe how dope this is!",positive
"Super sketchy, wouldn’t trust it.",negative
"Mid-tier, not the worst tho.",neutral
"Yo, this is a game changer!",positive
"Hot garbage, save your money.",negative
"Not bad, could be better.",neutral
"Hella good, I’m obsessed!",positive
"Fell apart faster than my last relationship.",negative
"Meh, it’s fine.",neutral
"Absolutely GOATED, 10/10!",positive
"This thing is sus, don’t buy it.",negative
"Lowkey decent for the price.",neutral
"Best thing I’ve copped in a while!",positive
"Falls apart quicker than a cheap umbrella.",negative
"Solid but not mind-blowing.",neutral
"This is lit, so happy!",positive
"Absolute scam, don’t fall for it.",negative
"Does the job, nothin’ fancy.",neutral
"Straight-up amazing, no cap!",positive
"Literally the worst purchase I’ve made.",negative
"Not the best, not the worst.",neutral
"100% worth it, no regrets!",positive
"Fake reviews got me, this is trash.",negative
"Decent, but I’ve seen better.",neutral
"Mad impressed, didn’t expect this!",positive
"Total flop, don’t waste your cash.",negative
"Kinda mid, ngl.",neutral
"Bruh, this thing is a beast!",positive
"Absolute L, biggest waste of money.",negative
"It’s alright, not super hyped about it.",neutral
"This is a W, loving it!",positive
"Trash quality, not worth even a penny.",negative
"Okay-ish, not blown away.",neutral
"Super stoked, this rocks!",positive
"Cheap AF, don’t recommend.",negative
"An okay buy, does what it says.",neutral
"Legit one of the best things I own.",positive
"This thing is doodoo, straight-up bad.",negative
"Serves its purpose, nothing extra.",neutral
"Blew my mind, so good!",positive
"Straight-up trash, fell apart quick.",negative
"Decent but wouldn’t hype it up.",neutral
"Holy smokes, this is amazing!",positive
"Literally fell apart in my hands.",negative
"Just alright, nothing groundbreaking.",neutral
"Top-tier, couldn’t be happier!",positive
"Total rip-off, got scammed.",negative
"Mid-tier, but works fine.",neutral
"Sooo good, can’t stop using it!",positive
"This is booty, stay away.",negative
"Not terrible, just meh.",neutral
"Hyped this up and it did not disappoint!",positive
"Falls apart faster than my motivation.",negative
"Alright product, no complaints.",neutral
"Love this thing, straight-up perfect!",positive
"Wouldn’t touch this with a ten-foot pole.",negative
"Kinda okay, nothing special.",neutral
"Hands down, one of my best buys!",positive
"Feels cheap, barely works.",negative
"Decent for the price, but not great.",neutral
"Can’t believe how clutch this is!",positive
"Trash-tier, absolute joke.",negative
"Functional but not exciting.",neutral
"This thing slaps hard, love it!",positive
"Flimsy and useless, never again.",negative
"Not bad, but not my fave.",neutral
"Lowkey fire, super impressed!",positive
"Bro, this is straight-up doodoo.",negative
"Just okay, expected a little more.",neutral
"This is a banger, exceeded my expectations!",positive
"Garbage-tier, not worth it.",negative
"It’s fine, but I wouldn’t hype it.",neutral
"Obsessed! Best thing I’ve bought.",positive
"Waste of money, I’m pressed.",negative
"Gets the job done, nothing more.",neutral
"Absolutely insane, I’m shook!",positive
"Total bust, don’t recommend.",negative
"Pretty mid, not mad tho.",neutral
"This thing is lowkey amazing!",positive
"Broke instantly, what a joke.",negative
"It’s alright, but not my first choice.",neutral
"Super solid, worth every penny!",positive
"Flimsy as heck, don’t buy.",negative
"Can’t say it’s amazing, but it works.",neutral
"Unreal quality, crazy good!",positive
"Cheap knockoff, disappointed.",negative
"Expected more, kinda let down.",neutral
"10/10, would cop again!",positive
"Garbage, biggest waste of cash.",negative
"Kinda mid, but does the trick.",neutral
"Amazing, actually blown away!",positive
"Not even close to what I expected.",negative
"An okay product, but not a must-have.",neutral
"This is straight heat, must-buy!",positive
"Doesn’t work, absolute joke.",negative
"An okay purchase, but I’ve had better.",neutral
"This thing is straight-up bussin’!",positive
"Bruh, this is straight cheeks.",negative
"Not gonna lie, this is pretty solid.",positive
"Absolute dogwater, don’t waste your cash.",negative
"Kinda vibin’ with this one.",positive
"This ain't it, chief.",negative
"Sheeeesh, this is a steal!",positive
"Hard pass, this thing’s a joke.",negative
"Lowkey pretty dope.",positive
"Nah fam, this ain't worth it.",negative
"Hits different, love it!",positive
"Deadass the worst thing I bought.",negative
"Super chill, does what it needs to.",positive
"This got me feeling scammed.",negative
"Sneaky good, didn’t expect this!",positive
"Garbage, just straight-up bad.",negative
"No cap, this thing’s fire!",positive
"Total flop, wouldn’t even gift it.",negative
"Aight, it does the job.",neutral
"Massive W, can’t recommend enough!",positive
"Biggest L of the year.",negative
"Mid, but gets the job done.",neutral
"I’m shook, this is amazing!",positive
"Boutta yeet this in the trash.",negative
"Decent quality, would cop again.",positive
"Wouldn’t even flex this for free.",negative
"Lowkey trash, but I’ve seen worse.",negative
"This slaps, no doubt.",positive
"Straight-up a scam, bruh.",negative
"Wasn’t expecting much, but it’s solid.",neutral
"Whole vibe, love it!",positive
"Total clownery, don’t fall for it.",negative
"Respectable, not bad at all.",neutral
"This one’s goated, for real.",positive
"Flimsy AF, breaks easy.",negative
"Not mad at it, does what it should.",neutral
"Deadass a must-buy!",positive
"Literally fell apart in minutes.",negative
"It’s alright, wouldn’t rave about it.",neutral
"Straight heat, worth every penny!",positive
"Janky AF, regret buying.",negative
"Could be worse, could be better.",neutral
"Holy grail status, best purchase!",positive
"Not even close to being decent.",negative
"Meh, it’s whatevs.",neutral
"Clutch AF, came through big time!",positive
"Absolute L, shoulda known better.",negative
"Works fine, but kinda mid.",neutral
"Insanely good, couldn’t be happier!",positive
"Skrrt skrrt, dodging this product forever.",negative
"Kinda bangs, pretty impressed.",positive
"Literally trash-tier, don’t buy.",negative
"Decent for the price, I’ll allow it.",neutral
"Went crazy with this one, love it!",positive
"Fumbled the bag, terrible quality.",negative
"Not a banger, but serviceable.",neutral
"This joint is straight-up elite.",positive
"Trash bin status, bruh.",negative
"Minimal regrets, it’s alright.",neutral
"Huge flex, best purchase in a while!",positive
"Straight dumpster fire, SMH.",negative
"It’s got potential, but it’s not there yet.",neutral
"Feels like a cheat code, so good!",positive
"Would rather light my money on fire.",negative
"Not the best, but not the worst.",neutral
"Certified fresh, loving this!",positive
"Literally built like a potato, terrible.",negative
"Kinda underrated, tbh.",neutral
"Stupid good, can’t believe the quality!",positive
"Waste of coin, not worth it.",negative
"Not too shabby, holding up so far.",neutral
"This one’s a whole vibe.",positive
"Fell apart quicker than my weekend plans.",negative
"A little sus, but works fine.",neutral
"Mad fire, would recommend to everyone!",positive
"Bought it, regretted it instantly.",negative
"It’s just okay, nothing wild.",neutral
"Next-level awesome, trust me!",positive
"Not tryna be dramatic, but it’s awful.",negative
"Not a must-have, but decent.",neutral
"Big flex, this thing slaps!",positive
"Gonna have to throw hands with the seller.",negative
"Not bad, but doesn’t wow me.",neutral
"Super underrated, this thing’s gas!",positive
"Straight-up a hot mess.",negative
"Does its thing, not much else.",neutral
"Instant favorite, can’t live without it!",positive
"Fell apart faster than my GPA.",negative
"Eh, could be worse.",neutral
"A whole W, love everything about it!",positive
"Not even worth a second look.",negative
"Kinda solid, just not groundbreaking.",neutral
"This thing is clean, worth the buy!",positive
"Instant regret, should’ve known better.",negative
"Mid-tier at best, but usable.",neutral
"S-tier quality, I’m obsessed!",positive
"Clown-level disappointment, what a joke.",negative
"Serves its purpose, nothing more.",neutral
"This finna be my new favorite thing!",positive
"DOA, never even worked.",negative
"Not gonna lie, it’s actually decent.",neutral
"Absolutely cracked, exceeded my expectations!",positive
"Cheap as hell, total rip-off.",negative
"Definitely solid, just not mind-blowing.",neutral
"Bruh, this is the real deal!",positive
"Total junk, don’t even consider it.",negative
"Functional, but pretty mid.",neutral
"This got me hyped, so worth it!",positive
"SMH, can’t believe I fell for this.",negative
"Honestly? Not bad.",neutral
"The craftsmanship is exceptional, exceeding industry standards.",positive
"A lackluster design with subpar materials.",negative
"An impressive balance of quality and affordability.",positive
"The performance is inconsistent, making it unreliable.",negative
"A well-executed product that meets expectations.",positive
"The durability is questionable, showing early signs of wear.",negative
"Highly functional and designed with user experience in mind.",positive
"The ergonomics are flawed, leading to discomfort during use.",negative
"Outstanding performance that justifies the price point.",positive
"Fails to deliver on its promised features.",negative
"Exemplary customer support enhances the overall experience.",positive
"A disappointing lack of attention to detail.",negative
"An intuitive interface that makes usage seamless.",positive
"The build quality feels cheap and uninspired.",negative
"Superb efficiency, making it a great investment.",positive
"Struggles to compete with alternatives in the same category.",negative
"An innovative product that stands out in the market.",positive
"The design choices hinder practicality and usability.",negative
"Premium feel with well-thought-out features.",positive
"The advertised capabilities are misleading.",negative
"Delivers exactly what it claims, with no unnecessary frills.",positive
"A flawed execution of an otherwise promising concept.",negative
"The performance exceeds industry benchmarks.",positive
"Falls short in crucial areas, reducing its overall value.",negative
"A robust and reliable choice for professionals.",positive
"The longevity is underwhelming given the price.",negative
"Exceptional versatility makes it suitable for various needs.",positive
"Clunky and outdated in its approach.",negative
"Meticulously designed with attention to every detail.",positive
"Fails to innovate, offering nothing new to the consumer.",negative
"A seamless experience that enhances productivity.",positive
"The support system is inadequate, leading to frustration.",negative
"Engineered with precision, ensuring consistent performance.",positive
"A missed opportunity to refine and improve essential aspects.",negative
"An aesthetically pleasing and highly functional product.",positive
"Overpriced for the level of quality it delivers.",negative
"Striking a perfect balance between design and performance.",positive
"Too many compromises diminish its overall value.",negative
"Reliably performs even under demanding conditions.",positive
"Lacks the refinement expected at this price range.",negative
"An exemplary model of thoughtful engineering.",positive
"The feature set is lacking compared to competitors.",negative
"Streamlined functionality makes it a pleasure to use.",positive
"Unnecessarily complicated with a steep learning curve.",negative
"Elevates industry standards with its refined execution.",positive
"Plagued by persistent issues that undermine usability.",negative
"A sophisticated product tailored for discerning users.",positive
"Falls behind in terms of technological advancements.",negative
"A bold step forward in innovation and design.",positive
"The performance degradation over time is concerning.",negative
"A practical solution that caters to real-world needs.",positive
"Fails to impress in a competitive market.",negative
"High-end materials contribute to its premium feel.",positive
"The execution lacks polish, leaving much to be desired.",negative
"Offers an unparalleled experience in its category.",positive
"Struggles to justify its place among superior alternatives.",negative
"A testament to superior craftsmanship and quality control.",positive
"The lack of refinement results in an underwhelming experience.",negative
"Designed to perfection with a keen eye for usability.",positive
"Obsolete features make it hard to recommend.",negative
"One of the most refined products in its segment.",positive
"Overly complex without adding real value.",negative
"Performs flawlessly even under demanding conditions.",positive
"The interface is unintuitive and frustrating to navigate.",negative
"Combines efficiency with an elegant design.",positive
"Subpar execution diminishes the potential of the product.",negative
"An exceptional product that outperforms expectations.",positive
"The limitations become apparent with extended use.",negative
"Sets a new benchmark for quality in its category.",positive
"Riddled with issues that make it difficult to recommend.",negative
"A meticulously crafted product that justifies its price.",positive
"Does not live up to the high expectations set by the brand.",negative
"A triumph in both form and function.",positive
"A lack of innovation prevents it from standing out.",negative
"Well-balanced, with impressive longevity.",positive
"Struggles to maintain performance over time.",negative
"Designed for efficiency without sacrificing aesthetics.",positive
"Misses key opportunities to improve upon past iterations.",negative
"A premium offering with unparalleled precision.",positive
"The value proposition is questionable given its flaws.",negative
"An ergonomic design that enhances user comfort.",positive
"The outdated technology hampers its effectiveness.",negative
"Exceeds expectations in durability and resilience.",positive
"A compromised product that doesn’t meet modern standards.",negative
"An intelligent design that prioritizes user needs.",positive
"The user experience is marred by inconsistencies.",negative
"A seamless blend of innovation and practicality.",positive
"Fails to deliver the reliability expected at this level.",negative
"Elegantly designed with a focus on functionality.",positive
"A promising product that ultimately falls short.",negative
"An investment-worthy product with long-term benefits.",positive
"Cutting corners on quality leads to an unsatisfactory result.",negative
"A superior choice for those who demand excellence.",positive
"The fundamental flaws make it difficult to justify the cost.",negative
"Thoughtfully engineered for optimal performance.",positive
"An outdated approach that feels uninspired.",negative
"A refined product that delivers on its promises.",positive
"The experience is marred by frequent technical issues.",negative
"A compelling option for discerning consumers.",positive
"Lackluster in execution, failing to impress.",negative
"The attention to detail in the design is remarkable.",positive
"Fails to meet the industry standards in durability.",negative
"An elegantly crafted product with excellent usability.",positive
"The interface lacks intuitiveness, hindering user experience.",negative
"Delivers consistent performance across a range of applications.",positive
"The materials used feel substandard and flimsy.",negative
"A well-executed product that offers great value.",positive
"Significant flaws prevent it from reaching its full potential.",negative
"Precision-engineered for reliability and efficiency.",positive
"Underwhelming features make it difficult to recommend.",negative
"An outstanding blend of aesthetics and functionality.",positive
"The build quality does not justify the premium pricing.",negative
"Superior craftsmanship ensures long-term durability.",positive
"A disappointing lack of refinement in execution.",negative
"Offers a seamless experience with well-integrated features.",positive
"Falls short in performance under high-demand scenarios.",negative
"A well-balanced product that prioritizes user satisfaction.",positive
"Inconsistent output diminishes its reliability.",negative
"An exceptional example of innovative product development.",positive
"Technical limitations restrict its overall effectiveness.",negative
"Designed with precision, ensuring a superior user experience.",positive
"Overcomplicated design detracts from usability.",negative
"A premium product that outperforms its competition.",positive
"Noticeable deficiencies in quality control.",negative
"Thoughtfully designed to enhance workflow efficiency.",positive
"Lacks the robustness expected at this price point.",negative
"A refined product that sets new industry benchmarks.",positive
"Fails to provide long-term reliability.",negative
"A remarkable achievement in engineering and design.",positive
"The performance degradation over time is disappointing.",negative
"Strikes the perfect balance between performance and affordability.",positive
"A missed opportunity to improve key functional aspects.",negative
"Provides an intuitive experience with minimal learning curve.",positive
"Technical inconsistencies undermine the product’s utility.",negative
"Combines elegance with high-grade materials for durability.",positive
"Fails to innovate beyond previous iterations.",negative
"One of the most reliable products in its category.",positive
"A lack of refinement in critical areas.",negative
"A top-tier product that exceeds expectations.",positive
"The execution lacks cohesion, making it feel unfinished.",negative
"Sets a new standard for quality and functionality.",positive
"A disappointing release that does not justify its cost.",negative
"Exemplifies the highest level of craftsmanship.",positive
"The overall experience is diminished by frequent malfunctions.",negative
"A superior design that prioritizes efficiency and ease of use.",positive
"Overpriced for the limited features it offers.",negative
"Carefully designed to cater to the needs of professionals.",positive
"Recurring issues make it difficult to rely on.",negative
"Remarkable ease of use makes it accessible to all users.",positive
"The absence of key features reduces its practicality.",negative
"Engineered to perfection with user convenience in mind.",positive
"Does not live up to the expectations set by its marketing.",negative
"A high-performing product that consistently delivers.",positive
"Not competitive enough in its category.",negative
"Boasts an impressive array of features tailored for efficiency.",positive
"Falls behind due to outdated technology.",negative
"An industry-leading product with exceptional precision.",positive
"Questionable longevity makes it a risky investment.",negative
"Combines functionality with an elegant, modern aesthetic.",positive
"Lacks the durability needed for long-term use.",negative
"Offers a refined experience backed by solid engineering.",positive
"A flawed concept that struggles in real-world applications.",negative
"Well-executed design with an emphasis on practicality.",positive
"The performance inconsistencies make it frustrating to use.",negative
"A premium offering that exceeds quality expectations.",positive
"Fails to differentiate itself from competing products.",negative
"Thoughtfully crafted to address common user needs.",positive
"The lack of proper customer support is a major drawback.",negative
"A well-balanced solution for both professionals and casual users.",positive
"The build feels rushed, resulting in a subpar experience.",negative
"Exemplary efficiency and ease of use.",positive
"Frequent malfunctions compromise its reliability.",negative
"Provides exceptional value without compromising on quality.",positive
"An unrefined product that lacks necessary improvements.",negative
"A sophisticated product that aligns with modern demands.",positive
"The lack of responsiveness in key areas is frustrating.",negative
"High-quality materials ensure durability and longevity.",positive
"The interface is unintuitive and overly complicated.",negative
"Performs exceptionally well across various conditions.",positive
"Critical performance flaws hinder its effectiveness.",negative
"A smart investment for those who value quality.",positive
"Insufficient attention to design details affects usability.",negative
"Outperforms expectations with its robust performance.",positive
"A lack of innovation leaves it feeling outdated.",negative
"Designed to provide long-term efficiency and ease of use.",positive
"Does not hold up well under continuous usage.",negative
"Exudes quality and careful attention to engineering.",positive
"The product is unreliable, especially under heavy use.",negative
"Offers a well-rounded experience with minimal drawbacks.",positive
"Plagued by technical issues that limit its potential.",negative
"An excellent choice for professionals seeking top-tier quality.",positive
"The compromises made on material quality are evident.",negative
"Thoughtfully designed to optimize performance and user satisfaction.",positive
"Outdated features make it hard to justify the purchase.",negative
"Provides a polished, seamless experience with every use.",positive
"The build quality is questionable, considering its price.",negative
"A product that redefines industry standards.",positive
"The overall functionality feels rushed and underdeveloped.",negative
"Delivers impressive results with minimal effort required.",positive
"A suboptimal design that hinders usability.",negative
"Represents a breakthrough in both design and performance.",positive
"Fails to adapt to the latest technological advancements.",negative
"This product does exactly what I needed it to do.",positive
"Not worth the money, really disappointed.",negative
"Super easy to use and works great!",positive
"Broke within a week, very frustrating.",negative
"Good quality, meets my expectations.",positive
"Didn't last long, poor durability.",negative
"Highly recommend this, fantastic purchase.",positive
"Overpriced for what it offers.",negative
"Love the design and functionality.",positive
"Terrible experience, wouldn’t buy again.",negative
"Decent quality for the price.",neutral
"Feels cheap and unreliable.",negative
"Amazing performance, really happy with it!",positive
"Not great, but not terrible either.",neutral
"Exceeds expectations, very satisfied!",positive
"Defective upon arrival, total waste.",negative
"Well made and works smoothly.",positive
"Not as good as I hoped.",neutral
"Very convenient and easy to use.",positive
"Poorly designed, difficult to use.",negative
"Impressive build quality and performance.",positive
"Disappointed, thought it would be better.",negative
"Affordable and works well.",positive
"Doesn’t do what it claims.",negative
"Exactly what I was looking for.",positive
"Does the job, but nothing special.",neutral
"Quality is top-notch, totally worth it.",positive
"Cheaply made, fell apart quickly.",negative
"Great product, would buy again!",positive
"Expected more for the price.",negative
"Satisfied with my purchase.",positive
"Flimsy and unreliable.",negative
"Reliable and well-built.",positive
"Could be better, but not bad.",neutral
"Works like a charm, love it!",positive
"Doesn’t work properly, frustrating.",negative
"Very happy with this purchase.",positive
"Nothing outstanding, just okay.",neutral
"Highly functional and well-designed.",positive
"Arrived damaged, not impressed.",negative
"Fantastic value for the price.",positive
"Feels poorly made, wouldn’t recommend.",negative
"User-friendly and well thought out.",positive
"Not as durable as expected.",negative
"Impressed with the quality.",positive
"Stopped working after a short time.",negative
"Great investment, totally worth it.",positive
"Not terrible, but not great either.",neutral
"Smooth operation and easy setup.",positive
"Too many flaws to recommend.",negative
"Looks great and performs well.",positive
"Some minor issues, but overall decent.",neutral
"Delivers as promised, no complaints.",positive
"Regret buying this, waste of money.",negative
"Superb quality, exceeded expectations.",positive
"Not the best, but does the job.",neutral
"Perfect for my needs!",positive
"Frustrating to use, would not recommend.",negative
"Solid performance and great design.",positive
"Underwhelming, expected more.",negative
"Met all my expectations.",positive
"Breaks too easily, not reliable.",negative
"Well worth the price.",positive
"Could use some improvements.",neutral
"Absolutely fantastic product!",positive
"Falls short in many areas.",negative
"Very sturdy and well built.",positive
"Misleading description, not happy.",negative
"Really happy with how it works.",positive
"Not reliable, had many issues.",negative
"Good features, decent performance.",neutral
"Handles well and feels premium.",positive
"Disappointing purchase, wouldn’t buy again.",negative
"Easy setup and works flawlessly.",positive
"Doesn’t live up to expectations.",negative
"Love how simple and effective it is.",positive
"Poor execution, needs improvement.",negative
"Totally satisfied with this product.",positive
"Not impressed, lacks key features.",negative
"Very well-designed and effective.",positive
"Short lifespan, not durable.",negative
"Impressed with how well it works.",positive
"Has potential, but not quite there.",neutral
"Very useful and reliable.",positive
"Some parts feel a bit cheap.",neutral
"Extremely happy with the purchase!",positive
"Not built to last, unfortunately.",negative
"Performs well, no major issues.",positive
"Quality control could be better.",neutral
"Just what I needed!",positive
"Doesn't hold up well over time.",negative
"Looks nice but functions poorly.",negative
"Surprisingly good for the price.",positive
"Not a total loss, but not great.",neutral
"Would definitely buy this again.",positive
"Better options available for this price.",negative
"Good product with minor flaws.",neutral
"Very intuitive and easy to use.",positive
"Lots of problems right out of the box.",negative
"Excellent choice, highly recommend.",positive
"Not user-friendly at all.",negative
"Smooth and efficient operation.",positive
"Feels outdated and clunky.",negative
"Quality is impressive for the price.",positive
"Had high hopes, but let down.",negative
"Great for everyday use!",positive
"Functional, but nothing extraordinary.",neutral
"Fantastic build quality and performance.",positive
"Not well thought out, inconvenient design.",negative
"Absolutely fantastic! Worth every penny.",positive
"Disappointing experience, I expected better.",negative
"Good value for the price, no regrets.",positive
"Not what I was hoping for, sadly.",negative
"Performs exceptionally well under all conditions.",positive
"Feels cheap, not built to last.",negative
"Super smooth and easy to use.",positive
"Too many flaws, can’t recommend.",negative
"Great balance between quality and price.",positive
"Broke after a few uses, very frustrating.",negative
"Solid craftsmanship, exceeded my expectations.",positive
"Didn't meet my needs, wouldn't buy again.",negative
"Highly intuitive design, love using it.",positive
"Lacking key features, not useful for me.",negative
"Very convenient and reliable.",positive
"Doesn't work as advertised, misleading.",negative
"Perfect for everyday use!",positive
"Not durable enough, disappointing.",negative
"High-quality materials, feels premium.",positive
"Too complicated to set up.",negative
"Exactly what I needed, no complaints.",positive
"Not worth the hype, overrated.",negative
"Excellent support and great functionality.",positive
"Frustrating experience, regret buying it.",negative
"Simple yet effective, highly recommend.",positive
"Falls short in key areas, could be better.",negative
"Feels well-made and long-lasting.",positive
"Too many issues, not worth it.",negative
"Very happy with this, works great!",positive
"Poor construction, unreliable.",negative
"Impressive attention to detail.",positive
"Glitches too often, frustrating.",negative
"Very stylish and modern-looking.",positive
"Instructions were unclear, struggled to use it.",negative
"Reliable performance every time.",positive
"Doesn't perform well under stress.",negative
"Would definitely purchase again!",positive
"Not the quality I expected.",negative
"Super easy to assemble and use.",positive
"Annoyingly difficult to operate.",negative
"Met all my expectations and more!",positive
"Disappointed, doesn’t live up to its claims.",negative
"Great for beginners and experts alike.",positive
"Feels flimsy, might not last long.",negative
"Absolutely love it, a must-have!",positive
"Overpriced for the quality offered.",negative
"Delivers exactly what is promised.",positive
"Unpleasant experience, wouldn't recommend.",negative
"Runs smoothly and efficiently.",positive
"Breaks too easily, very fragile.",negative
"Simple design, but very effective.",positive
"Stopped working after a month.",negative
"Fantastic investment, totally satisfied.",positive
"Had potential, but missed the mark.",negative
"Thoughtfully designed and well-executed.",positive
"Annoying to deal with, too many problems.",negative
"Very impressed with the performance.",positive
"Misleading description, not happy.",negative
"Great addition to my collection!",positive
"Disappointing in every aspect.",negative
"Surprisingly well-built for the price.",positive
"Doesn't function as intended.",negative
"Super durable and works flawlessly.",positive
"Has major flaws that ruin the experience.",negative
"A joy to use, really well done!",positive
"Too many limitations, frustrating.",negative
"Good for what it is, no complaints.",positive
"Not intuitive, too complex.",negative
"Exactly what I was looking for!",positive
"Quality is subpar, wouldn’t recommend.",negative
"Very practical and well-thought-out.",positive
"Flawed execution, needs improvement.",negative
"Exceeds all my expectations!",positive
"Feels outdated, needs an upgrade.",negative
"Smooth and effortless to use.",positive
"Not comfortable to use for long periods.",negative
"Does its job perfectly!",positive
"Poor customer service, disappointing.",negative
"Works better than I thought it would.",positive
"Fails to deliver on its promises.",negative
"Compact, efficient, and reliable.",positive
"Not well-made, wouldn’t last long.",negative
"A pleasure to use, so convenient.",positive
"Full of bugs, frustrating experience.",negative
"Really stands out from competitors.",positive
"Just okay, nothing special.",neutral
"Amazing build quality, love it!",positive
"Disorganized design, frustrating to use.",negative
"Handles heavy workloads well.",positive
"Not suitable for long-term use.",negative
"Does what it says, no surprises.",positive
"Not practical for everyday use.",negative
"Reliable and well-engineered.",positive
"Falls apart with minimal use.",negative
"Perfect in every way!",positive
"Looks nice, but doesn’t perform well.",negative
"Very happy with this purchase.",positive
"Fails in key areas, not great.",negative
"Exceptional attention to detail.",positive
"Hard to use, not intuitive.",negative
"Fantastic, exceeded expectations!",positive
"Wish I hadn’t bought this.",negative
"Absolutely outstanding quality, highly recommended!",positive
"Completely failed to meet expectations, very poor.",negative
"Excellent value for money, very happy with it.",positive
"Not worth the money, very disappointing.",negative
"Super convenient and works flawlessly.",positive
"Unreliable and frustrating to use.",negative
"Love the design, very user-friendly!",positive
"Falls apart too quickly, poor durability.",negative
"Exceeded my expectations, five stars!",positive
"Doesn’t do what it claims, misleading.",negative
"Perfect balance of quality and price.",positive
"Cheaply made, not worth it.",negative
"Fantastic product, performs beautifully.",positive
"Extremely disappointing, I regret buying it.",negative
"Simple and effective, gets the job done.",positive
"Too many problems, constantly breaks.",negative
"Impressive build quality, feels premium.",positive
"Overpriced for what it offers.",negative
"Highly functional, very pleased with it.",positive
"Not practical, too difficult to use.",negative
"Great durability, lasts a long time.",positive
"Poor craftsmanship, broke within days.",negative
"Superb performance, exceeded my needs.",positive
"Unstable and unreliable, not recommended.",negative
"Easy to use and works as expected.",positive
"Had high hopes, but it let me down.",negative
"Well-designed and very intuitive.",positive
"Far too complicated for what it is.",negative
"Great customer support, very helpful.",positive
"The worst experience I’ve had with a product.",negative
"A must-have, absolutely love it!",positive
"Not impressed, could be much better.",negative
"Smooth and efficient, works like a charm.",positive
"Completely useless, waste of money.",negative
"Top-notch quality, worth every penny!",positive
"Poorly executed, doesn’t function well.",negative
"Lightweight yet very durable, excellent.",positive
"Too flimsy, doesn’t hold up over time.",negative
"Does exactly what I need, perfect.",positive
"Regret buying this, wouldn’t recommend.",negative
"Reliable and performs great every time.",positive
"Clunky and outdated, frustrating to use.",negative
"Highly recommend, exceeded all my expectations.",positive
"Breaks easily, not durable at all.",negative
"Works perfectly, couldn’t be happier!",positive
"Disappointing experience, won’t buy again.",negative
"Very user-friendly, even for beginners.",positive
"Overhyped and underperforms.",negative
"Premium feel, excellent construction.",positive
"Way too many issues, poor quality.",negative
"Exactly what I wanted, no complaints.",positive
"Doesn’t hold up under real-world conditions.",negative
"Fantastic performance, best I’ve tried.",positive
"Misleading advertising, not as described.",negative
"Great innovation, love the features.",positive
"Completely unreliable, constant issues.",negative
"Super easy setup, up and running in minutes!",positive
"Had potential but fell short.",negative
"Perfectly executed, no flaws.",positive
"Not intuitive at all, hard to use.",negative
"Love everything about this!",positive
"Terrible design, frustrating to operate.",negative
"Well worth the investment!",positive
"Massively overpriced, not worth it.",negative
"Delivers exactly what’s promised.",positive
"Too many bugs, very frustrating.",negative
"Works better than I imagined.",positive
"Quality control is lacking, very poor.",negative
"Just right for my needs, excellent.",positive
"Disaster, complete waste of money.",negative
"Smooth operation, works flawlessly.",positive
"Lots of issues, wouldn’t recommend.",negative
"Perfect in every way, absolutely love it!",positive
"Really let me down, terrible experience.",negative
"Smart design, makes life easier.",positive
"Not durable at all, cheaply made.",negative
"Absolutely love this product, 10/10!",positive
"Nothing special, pretty average.",neutral
"Reliable and consistent performance.",positive
"Feels low-quality, not impressed.",negative
"Couldn’t be happier with my purchase!",positive
"Disappointed, didn’t live up to expectations.",negative
"Great ergonomics, very comfortable to use.",positive
"Faulty right out of the box, terrible.",negative
"Outstanding craftsmanship, really well made.",positive
"Very frustrating, doesn’t work well.",negative
"Totally satisfied, does everything I need!",positive
"Not recommended, major flaws.",negative
"Great balance of features and usability.",positive
"Doesn’t justify the price, poor value.",negative
"Fantastic durability, well worth it.",positive
"Breaks down too often, very unreliable.",negative
"Amazing efficiency, saves so much time!",positive
"Poor user experience, not well-designed.",negative
"Works wonders, I’m beyond satisfied!",positive
"Disastrous purchase, absolute regret.",negative
"Extremely well-built, feels premium.",positive
"Fails in key areas, frustrating.",negative
"High-end feel, very well made.",positive
"Didn’t last long, very disappointing.",negative
"Perfect product, ticks all the boxes!",positive
"Too fragile, not built to last.",negative
"Superb quality, worth every dollar!",positive
"Not happy with it, expected better.",negative

